<?xml version="1.0" encoding="UTF-8"?>
<rdf:RDF
   xmlns:citoterms="http://purl.org/spar/cito/"
   xmlns:dc="http://purl.org/dc/elements/1.1/"
   xmlns:dcterms="http://purl.org/dc/terms/"
   xmlns:foaf="http://xmlns.com/foaf/0.1/"
   xmlns:ore="http://www.openarchives.org/ore/terms/"
   xmlns:rdf="http://www.w3.org/1999/02/22-rdf-syntax-ns#"
   xmlns:rdfs1="http://www.w3.org/2001/01/rdf-schema#"
>
  <rdf:Description rdf:about="http://www.hydroshare.org/resource/1cc0fdda275340ff9d6682627d09a3b9/data/resourcemap.xml#aggregation">
    <dcterms:type rdf:resource="http://www.hydroshare.org/terms/CompositeResource"/>
    <citoterms:isDocumentedBy>http://www.hydroshare.org/resource/1cc0fdda275340ff9d6682627d09a3b9/data/resourcemetadata.xml</citoterms:isDocumentedBy>
    <ore:aggregates rdf:resource="http://www.hydroshare.org/resource/1cc0fdda275340ff9d6682627d09a3b9/data/resourcemetadata.xml"/>
    <ore:isDescribedBy>http://www.hydroshare.org/resource/1cc0fdda275340ff9d6682627d09a3b9/data/resourcemap.xml</ore:isDescribedBy>
    <dc:title>Another Single Notebook -- SWOTVIZ Example</dc:title>
    <rdf:type rdf:resource="http://www.openarchives.org/ore/terms/Aggregation"/>
        <ore:aggregates rdf:resource="http://www.hydroshare.org/resource/1cc0fdda275340ff9d6682627d09a3b9/data/contents/example_2.ipynb"/>
  </rdf:Description>
  <rdf:Description rdf:about="http://www.hydroshare.org/resource/1cc0fdda275340ff9d6682627d09a3b9/data/resourcemap.xml">
    <dc:creator rdf:resource="http://foresite-toolkit.googlecode.com/#pythonAgent"/>
    <dcterms:modified>2025-04-15T14:26:28Z</dcterms:modified>
    <ore:describes rdf:resource="http://www.hydroshare.org/resource/1cc0fdda275340ff9d6682627d09a3b9/data/resourcemap.xml#aggregation"/>
    <rdf:type rdf:resource="http://www.openarchives.org/ore/terms/ResourceMap"/>
    <dc:identifier>1cc0fdda275340ff9d6682627d09a3b9</dc:identifier>
    <dc:format>application/rdf+xml</dc:format>
    <dcterms:created>2025-04-15T14:26:28Z</dcterms:created>
  </rdf:Description>
  <rdf:Description rdf:about="http://foresite-toolkit.googlecode.com/#pythonAgent">
    <foaf:mbox>foresite@googlegroups.com</foaf:mbox>
    <foaf:name>Foresite Toolkit (Python)</foaf:name>
  </rdf:Description>
  <rdf:Description rdf:about="http://www.hydroshare.org/resource/1cc0fdda275340ff9d6682627d09a3b9/data/contents/example_2.ipynb">
    <dc:format>application/ipynb</dc:format>
    <ore:isAggregatedBy>http://www.hydroshare.org/resource/1cc0fdda275340ff9d6682627d09a3b9/data/resourcemap.xml#aggregation</ore:isAggregatedBy>
  </rdf:Description>
  <rdf:Description rdf:about="http://www.openarchives.org/ore/terms/Aggregation">
    <rdfs1:label>Aggregation</rdfs1:label>
    <rdfs1:isDefinedBy>http://www.openarchives.org/ore/terms/</rdfs1:isDefinedBy>
  </rdf:Description>
  <rdf:Description rdf:about="http://www.hydroshare.org/resource/1cc0fdda275340ff9d6682627d09a3b9/data/resourcemetadata.xml">
    <ore:isAggregatedBy>http://www.hydroshare.org/resource/1cc0fdda275340ff9d6682627d09a3b9/data/resourcemap.xml#aggregation</ore:isAggregatedBy>
    <citoterms:documents>http://www.hydroshare.org/resource/1cc0fdda275340ff9d6682627d09a3b9/data/resourcemap.xml#aggregation</citoterms:documents>
    <dc:format>application/rdf+xml</dc:format>
    <dc:title>Dublin Core science metadata document describing the HydroShare resource</dc:title>
  </rdf:Description>
  <rdf:Description rdf:about="http://www.openarchives.org/ore/terms/ResourceMap">
    <rdfs1:isDefinedBy>http://www.openarchives.org/ore/terms/</rdfs1:isDefinedBy>
    <rdfs1:label>ResourceMap</rdfs1:label>
  </rdf:Description>
  <rdf:Description rdf:about="http://www.hydroshare.org/terms/CompositeResource">
    <rdfs1:label>Composite Resource</rdfs1:label>
    <rdfs1:isDefinedBy>http://www.hydroshare.org/terms</rdfs1:isDefinedBy>
  </rdf:Description>
</rdf:RDF>
