<?xml version="1.0" encoding="utf-8"?>
<rdf:RDF
  xmlns:dcterms="http://purl.org/dc/terms/"
  xmlns:hsterms="https://www.hydroshare.org/terms/"
  xmlns:dc="http://purl.org/dc/elements/1.1/"
  xmlns:rdfs="http://www.w3.org/2000/01/rdf-schema#"
  xmlns:rdf="http://www.w3.org/1999/02/22-rdf-syntax-ns#"
>
  <rdf:Description rdf:about="http://www.hydroshare.org/terms/CompositeResource">
    <rdfs:label>Composite Resource</rdfs:label>
    <rdfs:isDefinedBy rdf:resource="https://www.hydroshare.org/terms/"/>
  </rdf:Description>
  <hsterms:CompositeResource rdf:about="http://www.hydroshare.org/resource/1cc0fdda275340ff9d6682627d09a3b9">
    <dc:relation>
      <rdf:Description>
        <dcterms:source>Cowan, D. (2025). SWOTVIZ Example Notebooks, HydroShare, http://www.hydroshare.org/resource/ff48614339034212bb7b31cb719c0aa0, accessed on: 04/02/2025</dcterms:source>
      </rdf:Description>
    </dc:relation>
    <dc:identifier>
      <rdf:Description>
        <hsterms:hydroShareIdentifier rdf:resource="http://www.hydroshare.org/resource/1cc0fdda275340ff9d6682627d09a3b9"/>
      </rdf:Description>
    </dc:identifier>
    <dc:date>
      <dcterms:modified>
        <rdf:value>2025-04-14T15:57:56.285099+00:00</rdf:value>
      </dcterms:modified>
    </dc:date>
    <dc:subject>k2</dc:subject>
    <dc:title>Another Single Notebook -- SWOTVIZ Example</dc:title>
    <dc:creator>
      <rdf:Description>
        <hsterms:organization>CUAHSI</hsterms:organization>
        <hsterms:phone>+1 (406) 599-9009</hsterms:phone>
        <hsterms:description rdf:datatype="http://www.w3.org/2001/XMLSchema#integer">12389</hsterms:description>
        <hsterms:address>VT, US</hsterms:address>
        <hsterms:homepage></hsterms:homepage>
        <hsterms:creatorOrder rdf:datatype="http://www.w3.org/2001/XMLSchema#integer">1</hsterms:creatorOrder>
        <hsterms:hydroshare_user_id rdf:datatype="http://www.w3.org/2001/XMLSchema#integer">12389</hsterms:hydroshare_user_id>
        <hsterms:name>Cowan, Devin</hsterms:name>
        <hsterms:ORCID rdf:resource="https://orcid.org/0000-0003-4621-0559"/>
        <hsterms:email>dcowan@cuahsi.org</hsterms:email>
      </rdf:Description>
    </dc:creator>
    <dc:subject>k3</dc:subject>
    <dc:type rdf:resource="http://www.hydroshare.org/terms/CompositeResource"/>
    <dc:relation>
      <rdf:Description>
        <dcterms:isPartOf>Cowan, D. (2025). SwotViz Example Notebook Collection, HydroShare, http://www.hydroshare.org/resource/ac6cc75dcb0146cf9cc17a974f4bb08b</dcterms:isPartOf>
      </rdf:Description>
    </dc:relation>
    <dc:subject>keyword1</dc:subject>
    <dc:description>
      <rdf:Description>
        <dcterms:abstract>Here is the abstract!</dcterms:abstract>
      </rdf:Description>
    </dc:description>
    <dc:rights>
      <rdf:Description>
        <hsterms:URL rdf:resource="http://creativecommons.org/licenses/by/4.0/"/>
        <hsterms:rightsStatement>This resource is shared under the Creative Commons Attribution CC BY.</hsterms:rightsStatement>
      </rdf:Description>
    </dc:rights>
    <dc:language>eng</dc:language>
    <dcterms:bibliographicCitation>Cowan, D. (2025). Another Single Notebook -- SWOTVIZ Example, HydroShare, http://www.hydroshare.org/resource/1cc0fdda275340ff9d6682627d09a3b9</dcterms:bibliographicCitation>
    <dc:date>
      <dcterms:created>
        <rdf:value>2025-04-02T18:24:54.854955+00:00</rdf:value>
      </dcterms:created>
    </dc:date>
  </hsterms:CompositeResource>
</rdf:RDF>
