<?xml version="1.0" encoding="utf-8"?>
<rdf:RDF
  xmlns:hsterms="https://www.hydroshare.org/terms/"
  xmlns:rdfs="http://www.w3.org/2000/01/rdf-schema#"
  xmlns:rdf="http://www.w3.org/1999/02/22-rdf-syntax-ns#"
  xmlns:dcterms="http://purl.org/dc/terms/"
  xmlns:dc="http://purl.org/dc/elements/1.1/"
>
  <hsterms:CompositeResource rdf:about="http://www.hydroshare.org/resource/ff48614339034212bb7b31cb719c0aa0">
    <dc:title>SWOTVIZ Example with multiple Notebooks</dc:title>
    <dc:creator>
      <rdf:Description>
        <hsterms:name>Cowan, Devin</hsterms:name>
        <hsterms:homepage></hsterms:homepage>
        <hsterms:address>VT, US</hsterms:address>
        <hsterms:creatorOrder rdf:datatype="http://www.w3.org/2001/XMLSchema#integer">1</hsterms:creatorOrder>
        <hsterms:phone>+1 (406) 599-9009</hsterms:phone>
        <hsterms:description rdf:datatype="http://www.w3.org/2001/XMLSchema#integer">12389</hsterms:description>
        <hsterms:organization>CUAHSI</hsterms:organization>
        <hsterms:ORCID rdf:resource="https://orcid.org/0000-0003-4621-0559"/>
        <hsterms:hydroshare_user_id rdf:datatype="http://www.w3.org/2001/XMLSchema#integer">12389</hsterms:hydroshare_user_id>
        <hsterms:email>dcowan@cuahsi.org</hsterms:email>
      </rdf:Description>
    </dc:creator>
    <dc:type>
      <rdf:Description rdf:about="http://www.hydroshare.org/terms/CompositeResource">
        <rdfs:label>Composite Resource</rdfs:label>
        <rdfs:isDefinedBy rdf:resource="https://www.hydroshare.org/terms/"/>
      </rdf:Description>
    </dc:type>
    <dc:subject>SWOTVIZ Example Notebooks</dc:subject>
    <dc:date>
      <dcterms:modified>
        <rdf:value>2025-04-14T15:48:31.537969+00:00</rdf:value>
      </dcterms:modified>
    </dc:date>
    <dc:identifier>
      <rdf:Description>
        <hsterms:hydroShareIdentifier rdf:resource="http://www.hydroshare.org/resource/ff48614339034212bb7b31cb719c0aa0"/>
      </rdf:Description>
    </dc:identifier>
    <dc:date>
      <dcterms:created>
        <rdf:value>2025-03-18T15:28:36.193648+00:00</rdf:value>
      </dcterms:created>
    </dc:date>
    <dc:language>eng</dc:language>
    <dc:description>
      <rdf:Description>
        <dcterms:abstract>SWOTVIZ Example Notebooks&#13;
&#13;
Synced via GitHub action:&#13;
https://github.com/CUAHSI/SWOT-Data-Viewer/blob/develop/.github/workflows/frontend-gh-pages.yml&#13;
&#13;
From this location in the repository:&#13;
https://github.com/CUAHSI/SWOT-Data-Viewer/tree/develop/frontend/public/notebooks&#13;
&#13;
Rendered for example here:&#13;
https://swotvis-staging.cuahsi.io/#/notebooks</dcterms:abstract>
      </rdf:Description>
    </dc:description>
    <dc:relation>
      <rdf:Description>
        <dcterms:isPartOf>Cowan, D. (2025). SwotViz Example Notebook Collection, HydroShare, http://www.hydroshare.org/resource/ac6cc75dcb0146cf9cc17a974f4bb08b</dcterms:isPartOf>
      </rdf:Description>
    </dc:relation>
    <dcterms:bibliographicCitation>Cowan, D. (2025). SWOTVIZ Example with multiple Notebooks, HydroShare, http://www.hydroshare.org/resource/ff48614339034212bb7b31cb719c0aa0</dcterms:bibliographicCitation>
    <dc:rights>
      <rdf:Description>
        <hsterms:URL rdf:resource="http://creativecommons.org/licenses/by/4.0/"/>
        <hsterms:rightsStatement>This resource is shared under the Creative Commons Attribution CC BY.</hsterms:rightsStatement>
      </rdf:Description>
    </dc:rights>
  </hsterms:CompositeResource>
</rdf:RDF>
