<?xml version="1.0" encoding="UTF-8"?>
<rdf:RDF
   xmlns:citoterms="http://purl.org/spar/cito/"
   xmlns:dc="http://purl.org/dc/elements/1.1/"
   xmlns:dcterms="http://purl.org/dc/terms/"
   xmlns:foaf="http://xmlns.com/foaf/0.1/"
   xmlns:ore="http://www.openarchives.org/ore/terms/"
   xmlns:rdf="http://www.w3.org/1999/02/22-rdf-syntax-ns#"
   xmlns:rdfs1="http://www.w3.org/2001/01/rdf-schema#"
>
  <rdf:Description rdf:about="http://www.hydroshare.org/resource/1e5dff3ab72440d2a4e3942326ada5a4/data/resourcemetadata.xml">
    <citoterms:documents>http://www.hydroshare.org/resource/1e5dff3ab72440d2a4e3942326ada5a4/data/resourcemap.xml#aggregation</citoterms:documents>
    <dc:title>Dublin Core science metadata document describing the HydroShare resource</dc:title>
    <dc:format>application/rdf+xml</dc:format>
    <ore:isAggregatedBy>http://www.hydroshare.org/resource/1e5dff3ab72440d2a4e3942326ada5a4/data/resourcemap.xml#aggregation</ore:isAggregatedBy>
  </rdf:Description>
  <rdf:Description rdf:about="http://www.hydroshare.org/resource/1e5dff3ab72440d2a4e3942326ada5a4/data/resourcemap.xml">
    <dc:creator rdf:resource="http://foresite-toolkit.googlecode.com/#pythonAgent"/>
    <dcterms:created>2025-04-14T18:25:52Z</dcterms:created>
    <dcterms:modified>2025-04-14T18:25:52Z</dcterms:modified>
    <dc:format>application/rdf+xml</dc:format>
    <ore:describes rdf:resource="http://www.hydroshare.org/resource/1e5dff3ab72440d2a4e3942326ada5a4/data/resourcemap.xml#aggregation"/>
    <dc:identifier>1e5dff3ab72440d2a4e3942326ada5a4</dc:identifier>
    <rdf:type rdf:resource="http://www.openarchives.org/ore/terms/ResourceMap"/>
  </rdf:Description>
  <rdf:Description rdf:about="http://www.hydroshare.org/resource/1e5dff3ab72440d2a4e3942326ada5a4/data/contents/SWOT-Mission-Surface-Water-Ocean-Topography.jpg">
    <ore:isAggregatedBy>http://www.hydroshare.org/resource/1e5dff3ab72440d2a4e3942326ada5a4/data/resourcemap.xml#aggregation</ore:isAggregatedBy>
    <dc:format>image/jpeg</dc:format>
  </rdf:Description>
  <rdf:Description rdf:about="http://www.hydroshare.org/resource/1e5dff3ab72440d2a4e3942326ada5a4/data/contents/Utilities.py">
    <ore:isAggregatedBy>http://www.hydroshare.org/resource/1e5dff3ab72440d2a4e3942326ada5a4/data/resourcemap.xml#aggregation</ore:isAggregatedBy>
    <dc:format>text/x-python</dc:format>
  </rdf:Description>
  <rdf:Description rdf:about="http://www.openarchives.org/ore/terms/ResourceMap">
    <rdfs1:isDefinedBy>http://www.openarchives.org/ore/terms/</rdfs1:isDefinedBy>
    <rdfs1:label>ResourceMap</rdfs1:label>
  </rdf:Description>
  <rdf:Description rdf:about="http://www.hydroshare.org/resource/1e5dff3ab72440d2a4e3942326ada5a4/data/resourcemap.xml#aggregation">
    <ore:aggregates rdf:resource="http://www.hydroshare.org/resource/1e5dff3ab72440d2a4e3942326ada5a4/data/contents/SWORD.png"/>
    <ore:aggregates rdf:resource="http://www.hydroshare.org/resource/1e5dff3ab72440d2a4e3942326ada5a4/data/contents/LongProfileVerticalDatum.ipynb"/>
    <dc:title>SWOT - River Longitudinal Profiles for Water Resources</dc:title>
        <ore:isDescribedBy>http://www.hydroshare.org/resource/1e5dff3ab72440d2a4e3942326ada5a4/data/resourcemap.xml</ore:isDescribedBy>
    <ore:aggregates rdf:resource="http://www.hydroshare.org/resource/1e5dff3ab72440d2a4e3942326ada5a4/data/contents/requirements.txt"/>
    <rdf:type rdf:resource="http://www.openarchives.org/ore/terms/Aggregation"/>
    <citoterms:isDocumentedBy>http://www.hydroshare.org/resource/1e5dff3ab72440d2a4e3942326ada5a4/data/resourcemetadata.xml</citoterms:isDocumentedBy>
    <ore:aggregates rdf:resource="http://www.hydroshare.org/resource/1e5dff3ab72440d2a4e3942326ada5a4/data/contents/SWOT-Mission-Surface-Water-Ocean-Topography.jpg"/>
    <ore:aggregates rdf:resource="http://www.hydroshare.org/resource/1e5dff3ab72440d2a4e3942326ada5a4/data/contents/Utilities.py"/>
    <ore:aggregates rdf:resource="http://www.hydroshare.org/resource/1e5dff3ab72440d2a4e3942326ada5a4/data/resourcemetadata.xml"/>
    <dcterms:type rdf:resource="http://www.hydroshare.org/terms/CompositeResource"/>
  </rdf:Description>
  <rdf:Description rdf:about="http://www.hydroshare.org/terms/CompositeResource">
    <rdfs1:isDefinedBy>http://www.hydroshare.org/terms</rdfs1:isDefinedBy>
    <rdfs1:label>Composite Resource</rdfs1:label>
  </rdf:Description>
  <rdf:Description rdf:about="http://www.hydroshare.org/resource/1e5dff3ab72440d2a4e3942326ada5a4/data/contents/SWORD.png">
    <dc:format>image/png</dc:format>
    <ore:isAggregatedBy>http://www.hydroshare.org/resource/1e5dff3ab72440d2a4e3942326ada5a4/data/resourcemap.xml#aggregation</ore:isAggregatedBy>
  </rdf:Description>
  <rdf:Description rdf:about="http://www.hydroshare.org/resource/1e5dff3ab72440d2a4e3942326ada5a4/data/contents/requirements.txt">
    <dc:format>text/plain</dc:format>
    <ore:isAggregatedBy>http://www.hydroshare.org/resource/1e5dff3ab72440d2a4e3942326ada5a4/data/resourcemap.xml#aggregation</ore:isAggregatedBy>
  </rdf:Description>
  <rdf:Description rdf:about="http://foresite-toolkit.googlecode.com/#pythonAgent">
    <foaf:mbox>foresite@googlegroups.com</foaf:mbox>
    <foaf:name>Foresite Toolkit (Python)</foaf:name>
  </rdf:Description>
  <rdf:Description rdf:about="http://www.hydroshare.org/resource/1e5dff3ab72440d2a4e3942326ada5a4/data/contents/LongProfileVerticalDatum.ipynb">
    <ore:isAggregatedBy>http://www.hydroshare.org/resource/1e5dff3ab72440d2a4e3942326ada5a4/data/resourcemap.xml#aggregation</ore:isAggregatedBy>
    <dc:format>application/ipynb</dc:format>
  </rdf:Description>
  <rdf:Description rdf:about="http://www.openarchives.org/ore/terms/Aggregation">
    <rdfs1:isDefinedBy>http://www.openarchives.org/ore/terms/</rdfs1:isDefinedBy>
    <rdfs1:label>Aggregation</rdfs1:label>
  </rdf:Description>
</rdf:RDF>
