<?xml version="1.0" encoding="utf-8"?>
<rdf:RDF
  xmlns:hsterms="https://www.hydroshare.org/terms/"
  xmlns:rdfs="http://www.w3.org/2000/01/rdf-schema#"
  xmlns:rdf="http://www.w3.org/1999/02/22-rdf-syntax-ns#"
  xmlns:dcterms="http://purl.org/dc/terms/"
  xmlns:dc="http://purl.org/dc/elements/1.1/"
>
  <hsterms:CompositeResource rdf:about="http://www.hydroshare.org/resource/1e5dff3ab72440d2a4e3942326ada5a4">
    <dc:description>
      <rdf:Description>
        <dcterms:abstract>Notebook to visualize SWOT longitudinal profile data, and modify vertical datum and units.&#13;
&#13;
The SWOT satellite measures water surface elevation, width and slope. It was launched in December 2022. It sees nearly all global rivers and lakes. For higher-latitude places such as Alaska, places are usually 3 or 4 times per 21 day cycle.&#13;
&#13;
This notebook pulls, manipulates and displays SWOT data.</dcterms:abstract>
      </rdf:Description>
    </dc:description>
    <dc:identifier>
      <rdf:Description>
        <hsterms:hydroShareIdentifier rdf:resource="http://www.hydroshare.org/resource/1e5dff3ab72440d2a4e3942326ada5a4"/>
      </rdf:Description>
    </dc:identifier>
    <dc:creator>
      <rdf:Description>
        <hsterms:phone></hsterms:phone>
        <hsterms:name>Yadav, Bidhya N</hsterms:name>
        <hsterms:creatorOrder rdf:datatype="http://www.w3.org/2001/XMLSchema#integer">2</hsterms:creatorOrder>
        <hsterms:hydroshare_user_id rdf:datatype="http://www.w3.org/2001/XMLSchema#integer">1196</hsterms:hydroshare_user_id>
        <hsterms:description rdf:datatype="http://www.w3.org/2001/XMLSchema#integer">1196</hsterms:description>
        <hsterms:address>OH, US</hsterms:address>
        <hsterms:organization>The Ohio State University</hsterms:organization>
        <hsterms:homepage rdf:resource="http://byrd.osu.edu"/>
        <hsterms:email>yadav.111@osu.edu</hsterms:email>
      </rdf:Description>
    </dc:creator>
    <dc:language>eng</dc:language>
    <dc:relation>
      <rdf:Description>
        <dcterms:isPartOf>Cowan, D. (2025). SwotViz Example Notebook Collection, HydroShare, http://www.hydroshare.org/resource/ac6cc75dcb0146cf9cc17a974f4bb08b</dcterms:isPartOf>
      </rdf:Description>
    </dc:relation>
    <dc:subject>SwotViz</dc:subject>
    <dc:subject>SWOT</dc:subject>
    <dc:date>
      <dcterms:modified>
        <rdf:value>2025-04-14T16:57:14.714629+00:00</rdf:value>
      </dcterms:modified>
    </dc:date>
    <dc:relation>
      <rdf:Description>
        <dcterms:source>https://github.com/CUAHSI/notebooks/blob/develop/Data%20Access%20Examples/SWOT%20-%20River%20Longitudinal%20Profiles%20for%20Water%20Resources/LongProfileVerticalDatum.ipynb</dcterms:source>
      </rdf:Description>
    </dc:relation>
    <dc:subject>River Longitudinal Profiles</dc:subject>
    <dc:date>
      <dcterms:created>
        <rdf:value>2025-04-14T14:48:19.183139+00:00</rdf:value>
      </dcterms:created>
    </dc:date>
    <dc:subject>SWOT Example Notebook</dc:subject>
    <dc:rights>
      <rdf:Description>
        <hsterms:URL rdf:resource="http://creativecommons.org/licenses/by/4.0/"/>
        <hsterms:rightsStatement>This resource is shared under the Creative Commons Attribution CC BY.</hsterms:rightsStatement>
      </rdf:Description>
    </dc:rights>
    <dc:title>SWOT - River Longitudinal Profiles for Water Resources</dc:title>
    <dcterms:bibliographicCitation>Durand, M., B. N. Yadav, H. Salehabadi (2025). SWOT - River Longitudinal Profiles for Water Resources, HydroShare, http://www.hydroshare.org/resource/1e5dff3ab72440d2a4e3942326ada5a4</dcterms:bibliographicCitation>
    <dc:type>
      <rdf:Description rdf:about="http://www.hydroshare.org/terms/CompositeResource">
        <rdfs:isDefinedBy rdf:resource="https://www.hydroshare.org/terms/"/>
        <rdfs:label>Composite Resource</rdfs:label>
      </rdf:Description>
    </dc:type>
    <dc:creator>
      <rdf:Description>
        <hsterms:email>durand.8@osu.edu</hsterms:email>
        <hsterms:name>Durand, Michael</hsterms:name>
        <hsterms:creatorOrder rdf:datatype="http://www.w3.org/2001/XMLSchema#integer">1</hsterms:creatorOrder>
        <hsterms:address></hsterms:address>
        <hsterms:phone></hsterms:phone>
        <hsterms:description rdf:datatype="http://www.w3.org/2001/XMLSchema#integer">3754</hsterms:description>
        <hsterms:homepage rdf:resource="http://u.osu.edu/durand.8"/>
        <hsterms:hydroshare_user_id rdf:datatype="http://www.w3.org/2001/XMLSchema#integer">3754</hsterms:hydroshare_user_id>
        <hsterms:organization>Ohio State University</hsterms:organization>
      </rdf:Description>
    </dc:creator>
    <dc:creator>
      <rdf:Description>
        <hsterms:description rdf:datatype="http://www.w3.org/2001/XMLSchema#integer">4484</hsterms:description>
        <hsterms:hydroshare_user_id rdf:datatype="http://www.w3.org/2001/XMLSchema#integer">4484</hsterms:hydroshare_user_id>
        <hsterms:phone></hsterms:phone>
        <hsterms:name>Salehabadi, Homa</hsterms:name>
        <hsterms:homepage></hsterms:homepage>
        <hsterms:address>Utah, US</hsterms:address>
        <hsterms:organization>Utah Sate University</hsterms:organization>
        <hsterms:creatorOrder rdf:datatype="http://www.w3.org/2001/XMLSchema#integer">3</hsterms:creatorOrder>
        <hsterms:email>homa.salehabadi@gmail.com</hsterms:email>
      </rdf:Description>
    </dc:creator>
  </hsterms:CompositeResource>
</rdf:RDF>
